Date,VTI,VGK,VWO,BND,GLD
2021-10-01,210.0087,56.1188,43.1334,72.375,164.59
2021-10-04,206.8463,55.8298,42.5386,72.3242,165.36
2021-10-05,208.7773,56.1018,42.9437,72.1467,164.59
2021-10-06,209.6449,55.7363,42.78,72.1805,165.03
2021-10-07,211.6599,56.1528,43.6161,71.9777,164.16
2021-10-08,211.1934,56.1868,43.7799,71.8001,164.23
2021-10-11,209.6728,55.8553,43.6592,71.6902,163.92
2021-10-12,209.5236,56.0763,43.5385,71.9523,164.66
2021-10-13,210.4751,56.9093,44.1074,72.1467,167.59
2021-10-14,213.9734,57.5384,44.1764,72.2735,168.0
2021-10-15,215.2421,57.9719,44.6504,72.096,165.33
2021-10-18,216.0257,57.7084,44.5901,72.0537,164.92
2021-10-19,217.6023,58.0314,45.0987,71.8508,165.45
2021-10-20,218.4512,58.2694,45.1073,71.7663,166.9
2021-10-21,219.0482,58.2609,44.7453,71.6648,166.75
2021-10-22,218.6285,58.5414,44.6332,71.817,167.77
2021-10-25,219.9718,58.3289,44.797,71.8508,168.93
2021-10-26,219.8878,58.5499,44.4953,71.9946,167.68
2021-10-27,218.3859,58.3629,44.2626,72.2566,168.12
2021-10-28,220.7181,59.0089,44.2195,72.1636,168.08
2021-10-29,221.0073,58.5754,43.6678,72.1805,166.65
2021-11-01,222.1081,59.0939,44.0902,72.1247,167.52
2021-11-02,222.7984,58.9494,43.6247,72.2601,167.16
2021-11-03,224.3749,59.5189,43.9436,72.1331,165.77
2021-11-04,225.2239,59.3319,43.8488,72.4634,167.65
2021-11-05,226.0915,59.4424,43.8661,72.6835,169.84
2021-11-08,226.4646,59.5189,44.3229,72.5226,170.45
2021-11-09,225.8116,59.4509,44.2195,72.7258,171.29
2021-11-10,223.5914,58.7624,44.0988,72.2347,173.15
2021-11-11,223.8619,58.9749,44.8573,72.1162,174.12
2021-11-12,225.5224,59.1279,44.8918,72.1247,174.45
2021-11-15,225.5224,58.9324,44.8056,71.8283,174.18
2021-11-16,226.4926,58.8049,44.7884,71.7775,172.92
2021-11-17,225.5598,58.8814,44.6246,71.9299,174.5
2021-11-18,225.9142,58.9409,44.0902,72.0146,173.94
2021-11-19,225.2705,58.1589,44.0126,72.167,172.61
2021-11-22,224.1884,57.6914,43.5557,71.8113,168.74
2021-11-23,224.263,57.4873,43.5988,71.5235,167.28
2021-11-24,225.0187,57.1218,43.5471,71.6928,167.12
2021-11-26,220.149,55.7278,42.2714,72.2009,166.85
2021-11-29,222.22,56.1188,42.3317,72.1924,166.62
2021-11-30,217.7795,55.7108,42.4007,72.3279,165.5
2021-12-01,214.7104,55.3878,42.3748,72.3745,166.16
2021-12-02,218.1993,56.0253,42.8748,72.383,165.24
2021-12-03,215.6712,55.6003,42.28,72.6628,166.63
2021-12-06,218.4419,56.2463,42.5558,72.4678,166.22
2021-12-07,223.1156,57.3853,43.1765,72.3067,166.81
2021-12-08,224.0764,57.5809,43.4351,72.0862,166.9
2021-12-09,221.9402,57.0453,43.2196,72.1201,165.88
2021-12-10,223.4514,57.1813,43.2971,72.1455,166.58
2021-12-13,221.4177,56.5778,42.6334,72.3915,167.0
2021-12-14,219.7572,56.2208,42.5386,72.2728,165.44
2021-12-15,223.1436,56.9688,42.3835,72.1795,166.15
2021-12-16,220.6435,57.0368,42.4955,72.2728,168.16
2021-12-17,219.636,56.2038,42.2024,72.4,167.8
2021-12-20,216.5482,56.2622,41.6175,72.2812,167.09
2021-12-21,220.7927,56.9836,42.3226,72.2049,167.02
2021-12-22,222.9757,57.6879,42.5576,72.2812,168.59
2021-12-23,224.5149,58.0829,42.81,72.1715,168.97
2021-12-27,227.463,58.7185,42.9493,72.2055,169.37
2021-12-28,226.9949,58.7443,42.8013,72.197,168.64
2021-12-29,227.126,58.8387,42.6185,71.9588,168.59
2021-12-30,226.7609,58.6068,43.1669,72.1204,169.8
2021-12-31,226.04,58.6068,43.0538,72.1034,170.96
2022-01-03,227.4724,59.1651,43.3584,71.6185,168.33
2022-01-04,227.0417,59.2424,43.1843,71.61,169.57
2022-01-05,222.1172,58.7099,42.5402,71.3632,169.06
2022-01-06,222.0611,58.4952,42.7839,71.2867,166.99
2022-01-07,221.05,58.7872,43.0015,71.091,167.75
2022-01-10,220.6661,57.9885,43.0886,71.0314,168.26
2022-01-11,222.8663,58.7099,43.9242,71.1761,170.29
2022-01-12,223.2126,59.251,44.5945,71.1506,170.74
2022-01-13,219.9452,58.8129,44.0374,71.2696,170.16
2022-01-14,220.0295,58.6498,44.1244,70.8783,169.67
2022-01-18,215.751,57.8081,43.4716,70.4359,169.39
2022-01-19,213.4853,57.9713,43.6457,70.6061,172.08
2022-01-20,210.995,57.5419,43.9155,70.6826,171.65
2022-01-21,206.8195,56.7002,43.2279,70.9464,171.09
2022-01-24,208.1489,55.8242,42.6533,70.8358,172.03
2022-01-25,205.2373,55.4291,42.6446,70.7422,172.58
2022-01-26,204.4415,55.558,42.2007,70.3508,169.79
2022-01-27,202.9248,55.4721,41.8264,70.5805,167.6
2022-01-28,207.9242,55.6353,41.896,70.6656,167.1
2022-01-31,212.3431,56.5113,43.2366,70.6146,168.09
2022-02-01,213.9628,57.1983,43.489,70.5864,168.23
2022-02-02,215.3765,57.5333,43.4107,70.6887,168.84
2022-02-03,210.2554,56.7346,43.0451,70.3904,168.6
2022-02-04,211.6503,56.5886,43.0712,69.9558,168.86
2022-02-07,211.1167,56.6229,43.0712,70.0155,170.11
2022-02-08,213.0547,56.8204,43.4629,69.7854,170.63
2022-02-09,216.5186,57.7823,44.107,69.8365,171.21
2022-02-10,212.8487,57.0437,43.8633,69.1974,170.56
2022-02-11,208.72,55.9788,43.1843,69.649,173.81
2022-02-14,207.9523,55.4291,42.8623,69.257,174.74
2022-02-15,211.6503,56.7088,43.8372,69.1122,173.08
2022-02-16,211.847,56.8977,44.168,69.2059,174.86
2022-02-17,207.0348,55.9015,43.5935,69.3593,177.25
2022-02-18,205.3777,55.5751,43.254,69.4786,177.12
2022-02-22,203.0184,54.7077,42.5837,69.436,177.49
2022-02-23,199.283,54.2869,42.192,69.0866,178.29
2022-02-24,202.775,53.2219,41.3389,69.24,177.14
2022-02-25,207.2876,54.828,42.1049,69.2996,176.55
2022-02-28,207.0629,53.5225,41.6262,69.811,178.38
2022-03-01,203.833,52.1054,41.0604,70.1771,181.62
2022-03-02,207.6996,52.9128,41.1909,69.315,179.73
2022-03-03,206.1173,51.3926,40.6164,69.6223,180.8
2022-03-04,204.0576,49.2198,39.8504,69.8698,183.68
2022-03-07,197.7662,47.5966,38.4402,69.5284,186.41
2022-03-08,196.6522,48.7216,38.6056,69.2041,191.51
2022-03-09,202.1103,51.3239,39.5806,69.0163,185.82
2022-03-10,201.2021,50.1817,38.9712,68.6493,186.4
2022-03-11,198.4684,49.8725,38.1791,68.5981,185.09
2022-03-14,196.5117,50.7571,37.2651,67.9665,182.3
2022-03-15,200.6124,51.135,37.2477,68.0774,178.89
2022-03-16,205.6305,53.1446,40.1464,68.1799,180.01
2022-03-17,208.383,53.4882,39.8504,68.2396,180.89
2022-03-18,210.8171,53.9262,40.4771,68.4359,179.3
2022-03-21,210.6205,53.3917,39.9656,67.736,180.67
2022-03-22,213.2044,54.0975,40.5854,67.5653,179.36
2022-03-23,210.3006,53.0904,40.306,67.8726,181.81
2022-03-24,213.2965,53.4003,40.5505,67.7872,183.13
2022-03-25,214.2075,53.4347,40.2362,67.1898,182.38
2022-03-28,215.5974,53.5552,40.3672,67.3861,179.06
2022-03-29,218.8656,54.9152,40.987,67.6848,179.14
2022-03-30,217.0906,54.6828,40.9346,67.8385,180.58
2022-03-31,213.813,53.6068,40.2711,67.8897,180.65
2022-04-01,214.6676,54.2352,41.0394,67.7425,179.5
2022-04-04,216.4896,54.2696,41.7552,67.7938,180.37
2022-04-05,213.3246,53.7187,41.0219,67.1093,179.24
2022-04-06,210.8735,53.1162,40.5679,66.9039,179.66
2022-04-07,211.6718,53.383,40.2711,66.767,180.34
2022-04-08,211.0144,53.4347,40.3497,66.4076,181.47
2022-04-11,207.718,52.9699,39.8434,66.0996,182.37
2022-04-12,207.0794,52.5912,39.6862,66.3136,183.77
2022-04-13,209.7935,53.2109,40.114,66.3905,184.65
2022-04-14,207.2391,52.9699,39.6775,65.937,184.04
2022-04-18,206.8822,52.7719,39.5116,65.7231,184.61
2022-04-19,210.5261,53.0043,39.3108,65.3124,181.82
2022-04-20,210.2537,53.4433,39.0577,65.7231,182.71
2022-04-21,206.8165,52.9441,38.3505,65.3723,182.06
2022-04-22,201.1816,52.1264,38.045,65.2867,180.29
2022-04-25,202.2804,51.7046,37.6521,65.6974,177.05
2022-04-26,196.5141,50.0089,36.8926,65.8686,177.32
2022-04-27,196.8992,50.2414,37.4077,65.6632,175.98
2022-04-28,201.6982,50.8869,37.8966,65.6376,176.93
2022-04-29,194.2884,50.2586,37.9228,65.1926,176.91
2022-05-02,195.7534,50.0692,37.8442,64.8592,173.63
2022-05-03,196.6832,50.4738,38.1323,65.0134,174.09
2022-05-04,202.4495,51.2656,38.5077,65.4335,175.8
2022-05-05,194.9833,49.5872,37.1109,64.782,175.13
2022-05-06,193.415,48.8297,36.6046,64.5077,175.42
2022-05-09,186.5593,47.3579,35.6181,64.7991,172.88
2022-05-10,186.935,47.8399,35.7665,64.9877,171.42
2022-05-11,183.5541,47.5731,35.5133,65.2106,172.82
2022-05-12,183.7513,47.3407,35.3387,65.3392,170.17
2022-05-13,188.6723,48.7178,36.2117,65.0992,168.79
2022-05-16,187.7426,48.8986,36.1331,65.202,170.4
2022-05-17,191.7527,50.0692,36.9625,64.8163,169.33
2022-05-18,184.2491,48.5973,36.1593,65.0906,169.42
2022-05-19,183.432,49.1052,36.6831,65.2277,171.91
2022-05-20,183.432,49.3117,36.8228,65.4249,172.03
2022-05-23,186.5687,50.3619,37.0847,65.1935,172.83
2022-05-24,184.6998,50.3533,36.4212,65.725,174.13
2022-05-25,186.7565,50.3102,36.622,65.9907,173.08
2022-05-26,190.5788,50.9902,37.172,65.9221,172.76
2022-05-27,195.4059,51.6185,37.5736,66.1107,172.85
2022-05-31,193.8,51.4722,38.0974,65.7336,171.14
2022-06-01,192.5228,50.6201,37.8442,65.4398,172.23
2022-06-02,196.4484,51.8768,38.5251,65.4999,174.35
2022-06-03,193.3117,51.1709,37.9228,65.4055,172.58
2022-06-06,193.8846,51.4206,38.1323,65.0189,171.82
2022-06-07,195.9882,51.5497,38.3243,65.2423,172.94
2022-06-08,193.7906,50.8094,38.464,64.976,172.78
2022-06-09,189.1513,49.5442,37.6347,64.8901,172.23
2022-06-10,183.5353,48.21,37.3379,64.3404,174.54
2022-06-13,176.041,46.4799,36.1244,63.3011,169.93
2022-06-14,175.5432,45.8946,36.6482,62.9576,168.57
2022-06-15,178.0977,47.0136,37.1895,63.6791,170.77
2022-06-16,171.8806,45.7999,36.0284,63.8164,172.69
2022-06-17,172.5286,45.8085,36.1855,63.8508,171.27
2022-06-21,176.7078,46.5619,36.7625,63.5588,170.63
2022-06-22,176.6796,46.2546,36.1556,64.0827,171.31
2022-06-23,178.2816,45.9736,36.3315,64.3919,170.26
2022-06-24,184.0426,47.5102,37.1055,64.2717,170.09
2022-06-27,183.4769,47.3872,37.1318,63.9625,169.9
2022-06-28,179.6959,46.9219,36.8856,63.9968,169.62
2022-06-29,179.3942,46.6497,36.7889,64.3662,169.49
2022-06-30,177.8479,46.3775,36.6305,64.641,168.46
2022-07-01,179.7242,46.4126,36.4107,65.1565,168.32
2022-07-05,180.3653,45.078,36.1204,65.2684,164.75
2022-07-06,180.7236,45.1746,35.8742,64.8725,162.14
2022-07-07,183.7032,45.877,36.6217,64.6918,162.23
2022-07-08,183.5146,45.9121,36.5338,64.4766,162.3
2022-07-11,181.1951,45.1658,35.6279,64.7176,161.43
2022-07-12,179.6299,45.1395,35.496,64.8295,160.83
2022-07-13,178.8473,45.157,35.3905,65.036,161.6
2022-07-14,178.0553,44.4107,35.153,64.8295,159.33
2022-07-15,181.5157,45.2624,35.2761,65.0618,159.01
2022-07-18,180.2616,45.5346,35.4432,64.8639,159.16
2022-07-19,185.2967,47.0185,35.9445,64.8123,159.54
2022-07-20,186.7959,46.4653,35.795,64.7521,158.04
2022-07-21,188.6439,47.0536,36.2348,65.2856,160.27
2022-07-22,186.5978,46.8429,35.8654,65.8192,160.67
2022-07-25,186.8524,47.2907,36.0325,65.5782,160.23
2022-07-26,184.5423,46.5268,35.6895,65.5954,160.04
2022-07-27,189.3888,47.6507,36.3931,65.7762,161.67
2022-07-28,191.8592,47.9141,36.5074,66.2323,163.64
2022-07-29,194.471,48.6955,36.3403,66.1806,164.1
2022-08-01,194.0184,48.6165,36.1204,66.4678,165.03
2022-08-02,192.9718,47.8263,35.9094,65.7952,164.05
2022-08-03,196.0739,48.318,36.1029,66.1228,164.45
2022-08-04,195.8853,48.6867,36.4019,66.2867,167.17
2022-08-05,195.8193,48.195,36.3931,65.5365,165.29
2022-08-08,195.9985,48.3706,36.4722,65.8297,166.69
2022-08-09,194.7632,48.1424,36.3931,65.6831,167.2
2022-08-10,199.2043,49.2574,36.8504,65.8642,166.78
2022-08-11,199.2137,49.1784,37.0263,65.4934,166.34
2022-08-12,202.6647,49.4682,37.4133,65.7952,167.87
2022-08-15,203.4567,48.9677,37.2726,65.8642,165.71
2022-08-16,203.8905,49.0379,37.2902,65.7779,165.42
2022-08-17,202.0613,48.5375,37.2022,65.3899,164.35
2022-08-18,202.5893,48.3004,36.9647,65.5107,163.92
2022-08-19,199.6946,47.6419,36.5514,65.0967,162.72
2022-08-22,195.4233,46.5443,36.2963,64.8035,161.64
2022-08-23,195.0556,46.5795,36.525,64.7776,162.77
2022-08-24,195.8759,46.676,36.5514,64.6138,163.25
2022-08-25,198.714,47.1238,37.2286,64.9674,163.75
2022-08-26,192.1326,45.719,36.7361,64.838,161.76
2022-08-29,190.7277,45.7717,36.5602,64.5448,161.86
2022-08-30,188.6062,45.4556,36.1204,64.5966,160.51
2022-08-31,187.2202,45.0605,36.1732,64.3293,159.27
2022-09-01,187.3333,44.3405,36.0061,63.9801,157.87
2022-09-02,185.4759,44.042,35.7159,64.1443,159.26
2022-09-06,184.7215,44.2702,35.4081,63.5653,158.33
2022-09-07,188.1348,44.8849,35.7071,64.0233,159.94
2022-09-08,189.6245,44.7005,35.6015,63.8246,158.98
2022-09-09,192.7738,46.0175,36.0765,63.7987,159.82
2022-09-12,194.8481,46.8516,36.6305,63.7209,160.63
2022-09-13,186.4753,45.1658,35.4696,63.4012,158.54
2022-09-14,187.2013,45.2185,35.6455,63.4789,157.93
2022-09-15,185.2024,44.7795,35.3377,63.2888,154.98
2022-09-16,183.5146,44.4195,34.8892,63.2197,155.84
2022-09-19,184.8158,44.5147,35.0309,63.1765,155.96
2022-09-20,182.666,43.5183,34.9061,62.8654,155.07
2022-09-21,179.545,42.9627,34.3267,63.0382,155.79
2022-09-22,177.5367,42.7158,34.2287,62.3901,155.7
2022-09-23,174.4745,41.0139,33.4442,62.2173,153.01
2022-09-26,172.5617,40.326,32.9807,61.4223,151.23
2022-09-27,172.3061,40.132,32.9629,61.1544,151.54
2022-09-28,175.9327,41.2431,33.2214,62.105,154.69
2022-09-29,172.2777,40.6435,32.5707,61.7852,154.66
2022-09-30,169.9388,40.6964,32.5261,61.6383,154.67
2022-10-03,174.2567,41.6223,33.0253,62.1545,158.43
2022-10-04,179.8528,43.5536,33.9523,62.3104,160.7
2022-10-05,179.5119,42.8745,34.0147,61.9813,159.81
2022-10-06,177.798,41.9398,33.7741,61.7475,159.63
2022-10-07,172.7132,41.155,33.1055,61.427,157.88
2022-10-10,171.3402,40.9786,32.6509,61.1499,155.48
2022-10-11,170.2418,40.4407,32.1428,61.1672,155.16
2022-10-12,169.7779,40.3878,32.1339,61.2365,155.99
2022-10-13,173.9915,41.5253,32.2587,61.02,154.91
2022-10-14,169.8915,40.9081,31.7863,60.7255,152.98
2022-10-17,174.4271,42.2749,32.5974,60.8555,153.42
2022-10-18,176.5576,42.7864,32.6064,60.994,153.75
2022-10-19,175.052,42.0103,32.0359,60.4917,151.69
2022-10-20,173.537,41.9751,32.2855,60.0847,151.45
2022-10-21,177.5329,42.7246,32.7579,60.1886,154.15
2022-10-24,179.4456,43.0245,31.4832,60.102,153.65
2022-10-25,182.6934,44.0826,31.7417,60.6736,154.0
2022-10-26,181.5667,44.5588,32.1696,60.9161,154.98
2022-10-27,180.7145,44.1796,31.9378,61.2365,154.74
2022-10-28,184.9187,44.6647,31.715,61.1153,153.16
2022-10-31,183.7256,44.1267,31.5991,60.9247,151.91
2022-11-01,183.1575,44.4618,32.125,60.9881,153.46
2022-11-02,178.3378,43.6594,31.8843,60.8926,152.39
2022-11-03,176.6333,43.2008,32.1428,60.6583,151.81
2022-11-04,178.9059,45.1849,33.4532,60.6756,156.47
2022-11-07,180.5345,45.423,33.3908,60.4412,155.85
2022-11-08,181.4814,45.9345,33.5334,60.7103,159.45
2022-11-09,177.5708,45.326,32.9183,60.7971,158.65
2022-11-10,187.6173,47.9715,34.0236,62.0558,163.48
2022-11-11,189.53,48.9239,34.71,62.0558,164.56
2022-11-14,187.8161,48.3595,34.5941,61.8561,164.92
2022-11-15,189.7194,48.5623,35.3607,62.2902,165.5
2022-11-16,187.7877,48.4742,34.7991,62.646,165.12
2022-11-17,187.0018,48.4124,34.9863,62.3856,163.92
2022-11-18,187.8824,48.6152,34.7367,62.2815,162.79
2022-11-21,187.087,48.2625,34.4158,62.2815,161.88
2022-11-22,189.5395,48.9151,34.505,62.6027,162.07
2022-11-23,190.6947,49.4706,34.6922,62.9846,163.08
2022-11-25,190.8368,49.8057,34.5674,62.9846,163.22
2022-11-28,187.7404,49.0032,34.4871,62.9065,161.93
2022-11-29,187.4469,49.1179,35.1646,62.6721,162.73
2022-11-30,193.2229,50.0791,36.1184,63.1582,164.81
2022-12-01,193.3365,50.6523,36.0292,63.6846,167.84
2022-12-02,193.1567,50.7581,36.2521,63.9455,167.26
2022-12-05,189.3596,50.1673,35.8866,63.4409,164.39
2022-12-06,186.5189,49.841,35.9133,63.6498,164.84
2022-12-07,186.2159,49.7969,35.6994,64.2066,166.33
2022-12-08,187.8256,49.9909,36.1094,64.0238,166.47
2022-12-09,186.2538,49.9909,35.8064,63.6498,167.06
2022-12-12,188.9334,50.2025,35.7083,63.6498,165.68
2022-12-13,190.3444,50.9344,35.8955,64.0847,168.51
2022-12-14,189.2838,50.9874,35.9579,64.2413,168.1
2022-12-15,184.5683,49.6029,35.2626,64.2762,165.35
2022-12-16,182.4568,48.9768,35.2181,64.1109,166.79
2022-12-19,180.6198,48.9128,35.286,63.728,166.32
2022-12-20,180.9985,49.0017,35.1682,63.3104,169.08
2022-12-21,183.735,49.6856,35.4944,63.4584,168.8
2022-12-22,181.129,49.2504,35.1773,63.4496,166.76
2022-12-23,182.128,49.4102,35.1048,63.2508,167.26
2022-12-27,181.3669,49.5079,35.6574,62.7624,168.67
2022-12-28,179.0834,49.055,35.1411,62.6753,167.91
2022-12-29,182.3754,49.8455,35.748,62.9107,168.85
2022-12-30,181.9092,49.2415,35.3132,62.6491,169.64
2023-01-03,181.167,49.8632,35.6937,62.9805,171.06
2023-01-04,182.7751,50.8136,36.6177,63.338,172.67
2023-01-05,180.6342,50.3517,36.509,63.2682,170.52
2023-01-06,184.6208,51.6929,37.1341,63.9659,173.71
2023-01-09,184.697,52.0215,37.3334,64.1403,174.1
2023-01-10,186.1527,52.2702,37.5961,63.8874,174.74
2023-01-11,188.6074,52.6433,37.7502,64.2275,174.62
2023-01-12,189.5209,53.2916,37.9223,64.7246,176.64
2023-01-13,190.3296,53.5403,38.1759,64.5066,178.76
2023-01-17,190.0727,53.6736,37.9766,64.4194,177.59
2023-01-18,187.0756,53.5137,37.7502,65.0124,177.08
2023-01-19,185.5533,53.2472,38.0491,64.8816,179.89
2023-01-20,189.1117,53.7002,38.493,64.5938,179.29
2023-01-23,191.5094,53.9489,38.7739,64.4368,179.63
2023-01-24,191.1954,53.7979,38.8101,64.7246,180.28
2023-01-25,191.2905,54.0111,38.8191,64.8031,181.11
2023-01-26,193.2601,54.0733,39.1181,64.681,179.47
2023-01-27,194.0403,53.8956,38.8554,64.6112,179.22
2023-01-30,191.4428,53.567,38.1578,64.4281,178.76
2023-01-31,194.5065,53.9489,38.2575,64.7246,179.41
2023-02-01,196.8756,54.5706,38.647,65.1407,181.67
2023-02-02,199.8156,54.6683,38.3752,65.1844,177.9
2023-02-03,197.751,54.1265,37.7683,64.6075,173.46
2023-02-06,196.2667,53.5403,37.3787,64.2054,173.82
2023-02-07,198.7405,53.9312,37.4512,64.1179,173.98
2023-02-08,196.6187,53.7091,37.3787,64.2316,174.41
2023-02-09,194.7063,53.7979,37.5237,63.9694,173.03
2023-02-10,195.0583,53.3627,37.2066,63.6984,173.36
2023-02-13,197.3799,54.1177,37.5418,63.8732,172.48
2023-02-14,197.456,54.3752,37.4331,63.6547,172.61
2023-02-15,198.3409,54.322,37.2519,63.5148,170.89
2023-02-16,195.6958,54.0111,37.1794,63.27,170.75
2023-02-17,195.1249,54.3131,36.8805,63.4099,171.26
2023-02-21,191.0812,53.6913,36.4728,62.8592,170.62
2023-02-22,190.9195,53.3627,36.3188,62.999,169.66
2023-02-23,191.9376,53.7002,36.4456,63.2263,169.57
2023-02-24,189.7968,52.7765,35.748,62.8767,168.35
2023-02-27,190.4723,53.5581,35.9292,62.9816,169.01
2023-02-28,189.8348,53.0252,35.7118,62.999,169.78
2023-03-01,190.2915,53.3627,36.4275,62.6258,170.76
2023-03-02,190.5865,53.3982,36.5906,62.4944,170.66
2023-03-03,193.6883,54.0821,36.8623,62.9763,172.49
2023-03-06,193.4313,53.9844,36.7355,62.8273,171.62
2023-03-07,190.5484,52.8564,36.192,62.7573,168.62
2023-03-08,190.7958,53.0341,36.3822,62.7047,168.54
2023-03-09,187.0281,52.5278,35.6393,62.915,170.2
2023-03-10,183.8787,52.1103,35.44,63.6684,173.87
2023-03-13,183.1176,51.7373,35.4038,64.1766,177.86
2023-03-14,186.3811,52.6966,35.4219,63.7736,176.83
2023-03-15,184.9444,50.707,34.8331,64.4306,178.21
2023-03-16,188.1412,51.4708,35.277,64.124,178.57
2023-03-17,185.715,50.6981,35.0958,64.5884,183.77
2023-03-20,187.3325,51.6904,35.1574,64.308,183.84
2023-03-21,190.0061,52.68,35.5291,64.1327,180.37
2023-03-22,186.6094,52.3769,35.6379,64.7022,183.44
2023-03-23,186.9494,52.3858,36.0731,64.8512,185.74
2023-03-24,188.1245,51.9757,36.0005,64.9826,183.65
2023-03-27,188.6021,52.5819,35.8283,64.308,181.95
2023-03-28,188.3346,52.5373,36.2544,64.1941,183.44
2023-03-29,191.0477,53.3843,36.3813,64.2642,182.53
2023-03-30,192.0794,54.1956,36.7349,64.3518,184.18
2023-03-31,194.9739,54.3382,36.6261,64.6847,183.22
2023-04-03,195.4898,54.7216,36.7802,64.9596,184.54
2023-04-04,194.181,54.7305,36.8165,65.2231,187.98
2023-04-05,193.4741,54.4274,36.4901,65.3988,187.83
2023-04-06,194.1141,54.8909,36.7077,65.3812,186.49
2023-04-10,194.5536,54.8909,36.6261,64.9421,185.11
2023-04-11,194.7542,55.1049,36.8981,64.9684,186.28
2023-04-12,193.9326,55.5417,36.617,65.0387,187.19
2023-04-13,196.4546,56.2906,37.0613,65.0036,189.72
2023-04-14,195.91,56.2015,36.8618,64.7137,186.36
2023-04-17,196.6934,55.934,37.0613,64.3624,185.53
2023-04-18,196.7889,56.3174,36.9887,64.459,186.25
2023-04-19,196.8845,56.1926,36.608,64.3712,185.36
2023-04-20,195.6617,56.1123,36.5626,64.6522,186.09
2023-04-21,195.8336,56.5313,36.2181,64.538,184.25
2023-04-24,195.91,56.7631,36.1728,64.7927,184.81
2023-04-25,192.643,55.8092,35.5563,65.2143,185.75
2023-04-26,191.7737,55.8538,35.8011,64.986,184.74
2023-04-27,195.3751,56.5046,36.2635,64.7049,184.75
2023-04-28,197.0755,56.5848,36.481,65.065,184.8
2023-05-01,196.98,56.5938,36.3632,64.3959,183.97
2023-05-02,194.5726,55.934,35.9824,65.0298,187.52
2023-05-03,193.4359,56.1123,35.9734,65.3027,189.11
2023-05-04,191.9934,55.827,36.2816,65.2147,190.44
2023-05-05,195.5375,56.6651,36.6714,64.977,187.46
2023-05-08,195.7477,56.674,36.6805,64.6688,187.69
2023-05-09,194.9452,56.2282,36.4538,64.5984,189.02
2023-05-10,195.805,56.1569,36.4629,64.9946,188.75
2023-05-11,195.547,55.9162,36.3178,65.2059,187.13
2023-05-12,195.0885,55.7646,35.9099,64.8625,186.81
2023-05-15,195.9196,56.1836,36.5354,64.6953,187.21
2023-05-16,194.4007,55.5952,36.2816,64.5368,184.87
2023-05-17,196.9227,55.836,36.4085,64.4223,184.23
2023-05-18,198.881,55.729,36.1819,64.1582,181.84
2023-05-19,198.4033,56.1391,36.1637,63.9821,183.64
2023-05-22,198.7472,56.0677,36.3994,63.9645,183.21
2023-05-23,196.6456,55.2475,35.8555,64.0085,183.43
2023-05-24,195.1267,54.3828,35.6016,63.8324,181.95
2023-05-25,196.4546,54.2401,35.5382,63.5947,180.2
2023-05-26,199.0434,54.8375,36.1275,63.6739,180.92
2023-05-30,199.1103,54.2669,35.656,64.0965,182.04
2023-05-31,197.9162,53.6874,35.4022,64.3079,182.32
2023-06-01,199.8936,54.3204,36.0096,64.4818,183.76
2023-06-02,203.1989,54.9623,36.5808,64.1198,181.05
2023-06-05,202.6639,54.57,36.5445,64.1286,182.14
2023-06-06,203.5906,54.775,36.8255,64.2169,182.34
2023-06-07,203.1894,54.5343,36.744,63.855,180.15
2023-06-08,204.1446,55.1673,36.9434,64.1728,182.53
2023-06-09,204.3643,54.8375,37.0431,64.0404,182.04
2023-06-12,206.1985,55.0782,37.1338,64.1728,181.88
2023-06-13,207.7174,55.5061,37.442,63.8903,180.54
2023-06-14,207.7174,55.7022,37.7956,63.9433,180.64
2023-06-15,210.2489,56.46,38.1582,64.3405,181.91
2023-06-16,209.456,56.4154,38.0222,64.1993,181.63
2023-06-20,208.4243,55.6161,37.345,64.2876,179.75
2023-06-21,207.278,55.5073,37.2812,64.3935,179.49
2023-06-22,207.832,55.2895,37.1171,64.0845,177.71
2023-06-23,206.1127,54.6181,36.5975,64.2699,178.2
2023-06-26,205.3935,54.6907,36.716,64.3493,178.51
2023-06-27,207.8963,55.2441,37.0624,64.2258,177.69
2023-06-28,208.0689,55.1988,36.9166,64.4288,177.28
2023-06-29,209.0662,55.1171,36.7616,63.9433,177.09
2023-06-30,211.2333,55.979,37.0806,64.164,178.27
2023-07-03,211.8663,55.8157,37.4452,63.9817,178.47
2023-07-05,211.2238,55.0899,37.2629,63.7162,177.84
2023-07-06,209.3443,54.11,36.552,63.3091,177.31
2023-07-07,209.0854,54.4639,36.9895,63.2737,178.64
2023-07-10,209.9964,54.7905,36.9986,63.4949,178.78
2023-07-11,211.6457,55.3802,37.3268,63.6277,179.45
2023-07-12,213.2663,56.6958,38.0377,64.1321,181.88
2023-07-13,215.0691,57.5849,38.457,64.5215,182.01
2023-07-14,214.7526,57.3127,38.22,64.2206,181.43
2023-07-17,215.5677,57.2311,38.2656,64.2914,181.56
2023-07-18,217.2842,57.5668,37.9922,64.3711,183.64
2023-07-19,217.85,57.5577,37.9375,64.5215,183.67
2023-07-20,216.2774,57.34,37.7005,64.2206,182.74
2023-07-21,216.2582,57.5396,37.6822,64.2649,182.18
2023-07-24,217.0253,57.2492,38.1836,64.1587,181.4
2023-07-25,217.5719,57.3581,38.4753,64.0879,182.41
2023-07-26,217.7349,57.467,38.7123,64.3002,183.3
2023-07-27,216.0568,57.1313,38.2838,63.7516,180.42
2023-07-28,218.3103,57.6212,39.2136,63.9728,181.86
2023-07-31,218.9719,57.6031,39.2592,64.0879,182.35
2023-08-01,218.3774,56.968,38.7123,63.6912,180.46
2023-08-02,215.28,55.9337,37.8737,63.4872,179.6
2023-08-03,214.6568,55.7794,38.0377,63.0967,179.54
2023-08-04,213.7457,55.8792,38.0833,63.6202,180.19
2023-08-07,215.3855,56.4145,38.0195,63.5226,179.78
2023-08-08,214.3882,56.1151,37.6275,63.7533,178.64
2023-08-09,212.8539,56.2422,37.6913,63.7711,177.79
2023-08-10,212.8923,56.4599,37.7643,63.4162,177.6
2023-08-11,212.6909,55.979,37.2174,63.2121,177.6
2023-08-14,213.7457,55.8702,37.0442,63.1322,177.06
2023-08-15,211.3196,55.1534,36.6522,62.9902,176.59
2023-08-16,209.5744,54.8177,36.4061,62.8128,175.57
2023-08-17,207.8579,54.3459,36.5246,62.7507,175.3
2023-08-18,208.0976,54.2552,36.2967,62.8838,175.33
2023-08-21,209.2963,54.5637,36.3788,62.5821,175.81
2023-08-22,208.7401,54.3641,36.315,62.662,176.1
2023-08-23,211.0224,54.8177,36.8528,63.2298,177.89
2023-08-24,208.1935,54.0556,36.6978,63.079,177.85
2023-08-25,209.6127,54.4457,36.6705,63.079,177.62
2023-08-28,210.9553,55.0173,37.0351,63.1943,178.13
2023-08-29,214.0238,55.7976,37.5273,63.5848,179.87
2023-08-30,214.9732,55.7704,37.3906,63.5581,180.32
2023-08-31,214.743,55.2714,36.9439,63.6646,180.02
2023-09-01,215.4526,55.0808,37.345,63.3585,180.11
2023-09-05,214.1677,54.4185,37.1262,63.0115,178.64
2023-09-06,212.8252,54.2189,36.953,62.9404,177.83
2023-09-07,212.0964,53.983,36.5702,63.1539,178.02
2023-09-08,212.3265,54.0647,36.6431,63.1717,178.08
2023-09-11,213.6594,54.6272,37.0624,63.0738,178.41
2023-09-12,212.6238,54.2734,36.9621,63.1183,177.49
2023-09-13,212.6526,54.0465,36.9257,63.2162,177.08
2023-09-14,214.4745,54.6907,37.1444,63.1094,177.17
2023-09-15,211.9526,54.609,36.953,62.9849,178.34
2023-09-18,211.9718,54.2272,36.896,63.0471,179.39
2023-09-19,211.4347,54.2637,36.7123,62.9137,179.22
2023-09-20,209.5648,54.3639,36.602,62.8336,179.35
2023-09-21,206.05,53.5803,36.0139,62.4421,178.05
2023-09-22,205.6169,53.4618,36.4366,62.7001,178.62
2023-09-25,206.4446,53.0973,36.2987,62.2375,177.7
2023-09-26,203.4706,52.4321,35.876,62.1752,176.28
2023-09-27,203.6824,52.2043,35.922,61.9528,174.1
2023-09-28,205.0297,52.7146,35.9955,62.1129,173.23
2023-09-29,204.433,52.7875,36.0322,62.0862,171.45
2023-10-02,204.1635,51.8854,35.9036,61.6597,169.65
2023-10-03,201.1992,51.3295,35.4441,61.1601,169.16
2023-10-04,202.6525,51.5847,35.2971,61.5616,169.14
2023-10-05,202.5467,51.8854,35.4441,61.6062,168.83
2023-10-06,204.9624,52.5597,35.9311,61.3653,169.7
2023-10-09,206.2521,52.3957,35.7106,61.9898,172.82
2023-10-10,207.5321,53.2158,36.2803,61.9274,172.53
2023-10-11,208.3502,53.5712,36.3906,62.2129,173.79
2023-10-12,206.6756,52.9606,36.0047,61.6776,173.26
2023-10-13,205.511,52.4777,35.8668,61.9631,178.83
2023-10-16,207.8979,52.9606,36.1241,61.6419,177.96
2023-10-17,208.1673,52.906,35.9679,61.2404,178.29
2023-10-18,205.0875,51.931,35.3798,60.9728,180.87
2023-10-19,203.153,51.5027,35.2511,60.7051,183.09
2023-10-20,200.641,51.0106,34.8284,60.9281,183.59
2023-10-23,200.0924,51.1199,34.7549,61.1601,182.97
2023-10-24,201.6034,51.3113,35.1868,61.3653,182.95
2023-10-25,198.6102,50.8557,34.81,60.9014,183.72
2023-10-26,196.5506,50.637,34.6814,61.3118,184.01
2023-10-27,195.4919,50.2816,34.7181,61.3118,186.15
2023-10-30,197.7441,51.0653,35.0306,61.1601,185.1
2023-10-31,199.0241,51.1564,34.8652,61.1423,184.09
2023-11-01,201.0164,51.5027,35.1133,61.7356,183.51
2023-11-02,205.0105,52.6326,35.6555,62.0935,184.12
2023-11-03,207.3204,53.07,36.3079,62.4604,184.79
2023-11-06,207.407,52.8969,36.4182,62.1919,183.35
2023-11-07,208.023,52.6599,36.4274,62.5051,182.59
2023-11-08,207.9941,52.9151,36.262,62.702,180.77
2023-11-09,206.2232,52.906,35.9403,62.2367,181.49
2023-11-10,209.2934,53.152,36.1885,62.353,179.51
2023-11-13,209.1683,53.2887,36.2528,62.3351,180.51
2023-11-14,213.8073,54.8651,37.0982,63.0957,182.12
2023-11-15,214.3366,54.856,37.3555,62.7467,181.64
2023-11-16,214.1923,54.7375,36.9696,63.1226,183.69
2023-11-17,214.7312,55.4939,37.1166,63.212,183.67
2023-11-20,216.3481,55.749,37.5117,63.3015,183.37
2023-11-21,215.761,55.5121,37.2912,63.391,185.35
2023-11-22,216.685,55.6032,37.1901,63.4447,184.56
2023-11-24,216.916,56.1955,37.3096,63.1405,185.52
2023-11-27,216.6369,56.0224,37.135,63.5252,186.77
2023-11-28,216.7716,56.0224,37.4382,63.7937,189.26
2023-11-29,216.8678,56.2775,37.2269,64.1248,189.54
2023-11-30,217.7629,56.1499,37.3371,63.919,188.75
2023-12-01,219.6012,56.6876,37.4934,64.4404,192.01
2023-12-04,218.812,56.3777,37.1625,64.1801,187.86
2023-12-05,218.3885,56.3231,37.0339,64.5929,187.15
2023-12-06,217.4646,56.3322,36.9879,64.7814,187.84
2023-12-07,219.2066,56.5327,37.135,64.7634,188.15
2023-12-08,220.2556,56.8425,36.9512,64.4493,185.64
2023-12-11,221.1603,56.9245,37.1166,64.4583,183.59
2023-12-12,221.9977,57.0247,37.1166,64.6467,183.49
2023-12-13,225.4432,57.8266,37.4658,65.4723,187.63
2023-12-14,226.7811,58.4918,37.962,65.9659,188.73
2023-12-15,226.473,57.8448,37.7415,65.8672,187.0
2023-12-18,227.4548,58.0165,37.7368,65.7326,187.85
2023-12-19,229.1198,58.6222,37.9996,65.8582,189.13
2023-12-20,225.7031,57.9339,37.2017,66.0736,188.1
2023-12-21,228.1988,58.7966,37.9245,66.0646,189.43
2023-12-22,228.7207,58.8333,37.7931,66.0205,190.27
2023-12-26,229.8516,59.2005,38.0372,66.0835,191.72
2023-12-27,230.2866,59.5309,38.2437,66.5065,192.59
2023-12-28,230.1706,59.127,38.4784,66.3445,191.47
2023-12-29,229.291,59.1821,38.5816,66.1915,191.17
2024-01-02,227.7542,58.4387,38.1311,65.9125,190.72
2024-01-03,225.5697,57.943,38.0184,65.9665,189.13
2024-01-04,224.9898,58.2735,37.9527,65.6695,189.32
2024-01-05,225.3281,58.1633,38.009,65.4715,189.35
2024-01-08,228.5468,58.8242,38.0747,65.7595,187.87
2024-01-09,228.1215,58.2367,37.6335,65.7505,187.93
2024-01-10,229.3007,58.4846,37.596,65.6335,187.5
2024-01-11,229.146,58.2276,37.7556,65.9755,187.87
2024-01-12,229.1847,58.3928,37.9339,66.1105,189.71
2024-01-16,228.1215,57.2822,37.1454,65.6425,187.91
2024-01-17,226.7489,56.8325,36.6479,65.4895,185.84
2024-01-18,228.7497,57.3373,36.8638,65.3995,187.37
2024-01-19,231.5335,57.3556,37.2017,65.3995,187.93
2024-01-22,232.5387,57.4566,36.9107,65.5075,187.22
2024-01-23,232.9641,57.3189,37.1172,65.3545,187.95
2024-01-24,232.9254,57.888,37.596,65.2195,186.4
2024-01-25,234.2206,58.1541,37.6899,65.5255,187.14
2024-01-26,234.0273,58.6773,37.6992,65.4265,187.01
2024-01-29,236.1537,58.8701,37.7086,65.6875,188.33
2024-01-30,235.8251,58.8976,37.3519,65.8045,188.59
2024-01-31,231.8524,58.457,37.2111,66.0835,188.45
2024-02-01,234.9745,59.0353,37.4646,66.4824,190.41
2024-02-02,236.985,58.4662,37.2017,65.8867,188.61
2024-02-05,235.8637,58.1266,37.2956,65.3633,187.57
2024-02-06,236.666,58.5947,38.2155,65.6701,188.55
2024-02-07,238.5315,58.402,38.1874,65.5438,188.5
2024-02-08,239.1211,58.402,37.9902,65.3723,188.33
2024-02-09,240.5806,58.6039,38.1404,65.3181,187.6
2024-02-12,240.8126,58.6498,38.3094,65.3362,187.11
2024-02-13,236.956,57.5116,37.6054,64.7676,184.53
2024-02-14,239.5754,58.3194,38.1498,65.0113,184.42
2024-02-15,241.4215,58.9618,38.3845,65.1918,185.66
2024-02-16,240.1553,59.0536,38.5723,64.9842,186.34
2024-02-20,238.6475,59.3565,38.6474,65.0654,187.47
2024-02-21,238.6958,59.4299,38.6849,64.8849,187.48
2024-02-22,243.4127,60.0265,39.0228,64.912,187.56
2024-02-23,243.577,60.1,39.0322,65.1466,188.62
2024-02-26,242.8424,60.0357,38.9008,65.0293,188.2
2024-02-27,243.519,60.1367,39.0228,64.93,188.0
2024-02-28,243.1131,59.8338,38.4221,65.0744,188.34
2024-02-29,244.1376,59.8613,38.5065,65.1827,189.31
2024-03-01,246.3801,60.3661,39.0228,65.4561,192.89
2024-03-04,246.1384,60.2835,38.8633,65.3022,196.01
2024-03-05,243.5287,60.0357,38.6004,65.6552,197.19
2024-03-06,244.9689,60.6782,39.0792,65.7729,198.81
2024-03-07,247.3563,61.6236,39.2669,65.8815,199.94
2024-03-08,245.9257,61.3482,39.2012,65.9448,201.63
2024-03-11,245.5295,61.3574,39.3045,65.9177,202.0
2024-03-12,247.9556,61.954,39.6424,65.7186,199.79
2024-03-13,247.6463,62.0641,39.4171,65.61,201.19
2024-03-14,246.6894,61.6052,39.2012,65.2208,200.35
2024-03-15,245.2299,61.5498,39.0875,65.1846,199.71
2024-03-18,246.4767,61.1899,39.1721,65.1031,200.03
2024-03-19,247.8976,61.2914,39.0123,65.2751,199.8
2024-03-20,250.4107,62.0297,39.3224,65.3927,202.18
2024-03-21,251.4449,61.8729,39.3506,65.447,201.97
2024-03-22,250.7378,61.7252,39.0969,65.6643,200.35
2024-03-25,250.1752,61.7898,39.0969,65.5375,200.99
2024-03-26,249.7291,61.8821,39.0123,65.5918,201.64
2024-03-27,251.9309,62.2605,39.1157,65.8181,203.1
2024-03-28,252.0958,62.1497,39.2472,65.7367,205.72
2024-04-01,251.9018,62.039,39.407,65.2882,207.82
2024-04-02,249.5738,61.5037,39.5385,65.2156,210.89
2024-04-03,249.9619,61.9375,39.5949,65.261,212.74
2024-04-04,246.9647,61.4575,39.454,65.3972,211.52
2024-04-05,249.4575,61.6144,39.5761,65.0704,215.14
2024-04-08,249.7485,61.9282,39.8204,65.0159,216.48
2024-04-09,250.1073,61.799,40.1681,65.2519,217.67
2024-04-10,247.3138,61.0699,39.7264,64.4894,215.61
2024-04-11,248.9919,61.1068,39.858,64.4894,219.8
2024-04-12,245.403,60.0547,39.0875,64.6346,216.89
2024-04-15,242.3864,59.9624,38.8432,64.2079,220.95
2024-04-16,241.6589,59.4825,38.364,64.0446,221.22
2024-04-17,240.2427,59.6855,38.4298,64.3532,219.59
2024-04-18,239.748,59.5471,38.5331,64.1807,220.34
2024-04-19,237.8663,59.6947,38.4204,64.2624,221.03
2024-04-22,240.2039,60.3593,38.7493,64.2897,215.57
2024-04-23,243.0654,61.2083,39.0687,64.4077,215.04
2024-04-24,243.1236,60.9222,39.1909,64.2443,214.64
2024-04-25,241.9693,60.8115,39.313,64.0627,215.92
2024-04-26,244.2196,61.273,39.764,64.2079,216.62
2024-04-29,245.1799,61.4668,40.1587,64.3986,216.18
2024-04-30,241.1448,60.5623,39.6231,64.1535,211.87
2024-05-01,240.5434,60.4885,39.6701,64.3848,213.79
2024-05-02,243.0362,61.0884,40.6379,64.6397,213.13
2024-05-03,245.9171,61.6421,40.9949,64.9675,212.96
2024-05-06,248.5554,62.1405,40.9197,65.0313,215.2
2024-05-07,248.7785,62.5466,40.6285,65.1587,214.21
2024-05-08,248.6039,62.7773,40.5909,65.0039,213.58
2024-05-09,250.0685,63.3311,40.7506,65.177,216.95
2024-05-10,250.3013,63.6172,40.8352,64.9949,218.71
2024-05-13,250.4372,63.6541,41.1546,65.0494,216.26
2024-05-14,251.6593,64.1894,41.3614,65.2407,218.09
2024-05-15,254.7535,64.8908,41.7184,65.6595,220.89
2024-05-16,254.0648,64.5124,41.8781,65.5503,220.03
2024-05-17,254.4237,64.6878,42.1788,65.3863,223.66
2024-05-20,254.6856,64.6601,42.0849,65.3226,224.56
2024-05-21,255.2094,64.6509,41.8405,65.4592,224.23
2024-05-22,254.3461,64.1432,41.7184,65.3772,220.11
2024-05-23,252.1831,63.8479,41.3989,65.1861,215.72
2024-05-24,254.0066,64.3463,41.5305,65.2589,215.92
2024-05-28,254.0066,64.2263,41.4177,64.9493,218.19
2024-05-29,251.9212,63.2757,40.9009,64.7125,216.16
2024-05-30,250.6893,63.8756,40.8258,64.9949,216.57
2024-05-31,252.6196,64.4663,40.4781,65.2316,215.3
2024-06-03,252.6971,64.5493,40.8822,65.596,217.22
2024-06-04,252.668,64.3463,40.2432,65.8426,215.27
2024-06-05,255.7623,64.9646,40.76,66.0253,217.82
2024-06-06,255.5392,65.2231,40.9479,66.0344,219.43
2024-06-07,255.0542,64.374,40.6097,65.5047,211.6
2024-06-10,255.9077,64.1802,40.8258,65.4042,213.54
2024-06-11,256.3442,63.4049,40.7318,65.669,214.15
2024-06-12,258.7595,64.4017,41.0513,65.9704,214.72
2024-06-13,258.8759,63.4141,41.0043,66.2627,212.97
2024-06-14,258.6819,62.3805,41.1171,66.3632,215.73
2024-06-17,260.6509,62.8788,41.3426,66.1166,214.61
2024-06-18,261.3105,63.1926,41.6714,66.3449,215.47
2024-06-20,260.6509,63.3495,41.5963,66.2171,218.16
2024-06-21,260.2532,62.836,41.4548,66.2353,214.78
2024-06-24,259.8168,63.3983,41.4265,66.2718,215.63
2024-06-25,260.6703,63.2764,41.3039,66.3084,214.56
2024-06-26,260.6606,62.7142,41.1907,65.9979,212.58
2024-06-27,261.2911,62.6487,41.1718,66.1166,214.99
2024-06-28,260.3975,62.5643,41.2756,65.8061,215.01
2024-07-01,260.9231,62.9391,41.3699,65.4588,215.57
2024-07-02,262.432,62.7705,41.5208,65.6512,215.56
2024-07-03,263.5124,63.5575,42.1339,66.0268,217.99
2024-07-05,264.885,64.0823,42.1245,66.3292,220.93
2024-07-08,265.2451,63.7637,42.1245,66.3292,218.19
2024-07-09,265.1771,63.2577,42.3037,66.3017,218.56
2024-07-10,267.7468,64.0448,42.4735,66.3567,219.36
2024-07-11,266.5495,64.354,42.8036,66.6865,223.25
2024-07-12,268.3114,65.1224,43.0017,66.8605,223.11
2024-07-15,269.46,64.4196,42.5583,66.6498,223.83
2024-07-16,271.6794,64.6632,42.8319,66.9063,228.29
2024-07-17,267.8441,64.3165,42.2094,66.9705,227.23
2024-07-18,265.508,63.7918,41.8415,66.7964,225.78
2024-07-19,263.8531,63.4076,41.4359,66.6223,221.73
2024-07-22,266.6079,64.2978,41.7566,66.5948,221.8
2024-07-23,266.4132,63.7449,41.3227,66.604,222.58
2024-07-24,260.417,63.1546,40.8888,66.4116,221.8
2024-07-25,259.4144,62.9391,40.7851,66.5582,218.33
2024-07-26,262.5196,63.8293,41.2378,66.8239,220.63
2024-07-29,262.539,63.3514,41.0963,66.9063,220.32
2024-07-30,261.4488,63.5857,40.9832,66.9888,222.52
2024-07-31,265.323,64.1479,41.7755,67.3552,226.55
2024-08-01,261.1664,62.8173,41.0869,67.6071,225.77
2024-08-02,255.9101,62.3394,40.6436,68.379,225.34
2024-08-05,248.3954,60.962,39.5212,68.3146,222.48
2024-08-06,250.9165,61.1213,39.7947,67.8919,220.7
2024-08-07,248.9989,61.215,40.106,67.7265,220.55
2024-08-08,254.8296,62.0677,40.9737,67.6254,224.01
2024-08-09,255.9295,62.4613,41.0775,67.8644,224.56
2024-08-12,255.7641,62.3113,41.2567,67.9838,228.41
2024-08-13,260.0179,63.1453,41.568,68.2411,228.06
2024-08-14,260.7577,63.492,41.3039,68.3698,226.2
2024-08-15,265.2744,64.1385,41.7566,68.0849,226.91
2024-08-16,265.9071,64.4852,42.1905,68.2319,231.99
2024-08-19,268.4184,65.2067,42.6244,68.3146,231.61
2024-08-20,267.7662,65.0287,42.2094,68.5168,232.46
2024-08-21,269.1095,65.5815,42.4074,68.6638,232.15
2024-08-22,266.8318,65.1973,41.9075,68.3882,229.37
2024-08-23,270.2095,66.3124,42.5112,68.6914,232.02
2024-08-26,269.5282,66.1062,42.2376,68.6179,232.76
2024-08-27,269.7715,66.3873,42.2848,68.6179,233.39
2024-08-28,268.1265,66.1062,42.0113,68.5719,231.75
2024-08-29,268.3892,66.3124,42.0679,68.4709,232.95
2024-08-30,270.9785,66.4623,42.1811,68.333,231.29
2024-09-03,265.1478,65.2161,41.5397,68.6243,230.29
2024-09-04,264.554,65.0474,41.5208,68.9285,230.43
2024-09-05,263.7363,64.8975,41.634,69.0944,232.35
2024-09-06,259.356,64.0448,41.0303,69.1774,230.63
2024-09-09,262.1302,64.4665,41.3133,69.2695,231.6
2024-09-10,263.1523,64.1572,41.219,69.5,232.62
2024-09-11,265.7708,64.5039,41.4736,69.4631,232.25
2024-09-12,267.9804,64.9537,41.7472,69.3894,236.33
2024-09-13,269.8493,65.3566,41.9358,69.5368,238.68
2024-09-16,270.3847,65.8345,42.0962,69.7212,238.66
2024-09-17,270.6573,65.5909,42.1433,69.629,237.34
2024-09-18,269.9759,65.4316,41.9924,69.417,235.51
2024-09-19,274.5509,66.5653,42.8696,69.417,239.17
2024-09-20,273.9766,65.5707,42.845,69.4078,242.21
2024-09-23,274.658,65.7773,43.195,69.3617,242.68
2024-09-24,275.3491,66.4066,44.6992,69.4447,246.07
2024-09-25,274.4438,66.0215,44.2451,69.1866,245.73
2024-09-26,275.6704,67.3647,45.6547,69.1866,246.98
2024-09-27,275.3979,67.3271,45.6452,69.3894,245.02
2024-09-30,276.4818,66.7823,45.2668,69.2327,243.06
2024-10-01,273.9626,66.0403,45.6074,69.437,245.61
2024-10-02,274.0212,65.8337,46.5534,69.3075,245.66
2024-10-03,273.4353,65.0822,45.8533,69.0025,245.49
2024-10-04,276.0814,65.4392,46.4115,68.5495,245.0
2024-10-07,273.5623,65.0541,46.8183,68.3461,244.17
2024-10-08,275.8666,64.9883,45.4466,68.4478,242.37
2024-10-09,277.7902,65.2231,45.1344,68.2629,241.05
2024-10-10,277.2141,65.0353,45.229,68.2351,242.82
2024-10-11,279.3622,65.4392,45.5506,68.2444,245.47
2024-10-14,281.5396,65.6552,45.333,68.1982,245.07
2024-10-15,279.6063,64.6878,44.4249,68.4663,245.92
2024-10-16,281.0319,64.7723,44.8411,68.5587,247.15
2024-10-17,280.9733,64.8474,44.6992,68.2259,248.63
2024-10-18,282.0766,65.3358,45.2479,68.2629,251.27
2024-10-21,281.1881,64.6502,44.9263,67.8007,251.22
2024-10-22,280.8659,64.3966,44.8695,67.8284,253.93
2024-10-23,278.3272,63.9833,44.5857,67.662,250.87
2024-10-24,279.0692,64.2839,44.5384,67.7729,252.8
2024-10-25,278.8056,63.9833,44.5005,67.6343,253.32
2024-10-28,279.9383,64.5844,44.6424,67.551,253.33
2024-10-29,280.3093,64.0397,44.4722,67.6065,256.09
2024-10-30,279.6161,63.5324,44.1505,67.5418,257.5
2024-10-31,274.402,63.1004,44.0559,67.5325,253.51
2024-11-01,275.5737,63.2882,44.0654,67.271,252.47
2024-11-04,275.0757,63.3258,44.2073,67.54,252.83
2024-11-05,278.5713,63.7673,44.8506,67.7069,253.4
2024-11-06,286.3631,62.4053,44.4249,67.1505,245.7
2024-11-07,288.3648,63.4009,45.3898,67.6512,249.65
2024-11-08,289.7121,62.4241,44.264,67.7811,247.96
2024-11-11,290.5226,62.4429,44.0086,67.6512,242.14
2024-11-12,289.3802,61.1749,43.2613,67.2432,240.05
2024-11-13,289.2435,60.8273,43.0342,67.2154,237.63
2024-11-14,287.1052,61.0058,42.7693,67.1968,237.01
2024-11-15,283.4631,60.8273,42.6842,67.2154,236.59
2024-11-18,284.6153,61.0716,43.0437,67.2803,241.09
2024-11-19,285.9237,60.8837,43.1099,67.4009,243.25
2024-11-20,286.0897,60.7616,43.1004,67.3267,244.62
2024-11-21,288.0913,60.6489,42.9491,67.2896,246.66
2024-11-22,289.5169,60.8743,42.9585,67.3174,249.84
2024-11-25,290.9327,61.2124,42.9775,67.9388,242.48
2024-11-26,291.997,60.8555,42.7504,67.8182,242.95
2024-11-27,291.167,61.3533,42.9112,68.0037,243.49
2024-11-29,292.7878,61.992,43.1099,68.254,245.59
2024-12-02,293.3445,62.0014,43.3275,68.294,243.44
2024-12-03,293.3445,62.2175,43.5072,68.1359,243.93
2024-12-04,295.3168,62.4241,43.5734,68.3684,244.67
2024-12-05,294.4966,63.044,43.8573,68.3777,242.86
2024-12-06,295.3168,63.1004,43.8762,68.5638,242.95
2024-12-09,293.4323,62.9971,44.9452,68.3592,245.36
2024-12-10,292.329,62.4992,44.1127,68.2847,248.59
2024-12-11,294.6822,62.781,44.1884,68.1359,250.96
2024-12-12,293.0027,62.2832,43.9235,67.8662,247.28
2024-12-13,292.8562,62.2832,43.9424,67.5964,244.29
2024-12-16,294.0474,62.1423,43.7153,67.6708,244.88
2024-12-17,292.5927,61.8605,43.6113,67.6801,243.94
2024-12-18,283.5413,60.4235,42.599,67.1499,239.26
2024-12-19,283.1409,60.245,42.7788,66.9639,239.6
2024-12-20,286.3631,60.1016,43.0171,67.1685,242.1
2024-12-23,287.9901,60.3865,43.2012,66.9546,240.96
2024-12-24,291.0463,60.719,43.3756,67.0507,241.44
2024-12-26,291.2129,60.8805,43.269,67.0974,243.07
2024-12-27,288.0587,60.681,43.114,66.9574,241.4
2024-12-30,284.8752,60.282,42.7362,67.2187,240.63
2024-12-31,283.8858,60.2915,42.6683,67.1067,242.13
2025-01-02,283.347,60.0256,42.5521,67.1347,245.42
2025-01-03,287.0693,60.2725,42.7652,67.0507,243.49
2025-01-06,288.6758,61.0895,42.7555,66.9854,243.19
2025-01-07,285.4531,61.0895,42.4843,66.7521,244.56
2025-01-08,285.7176,60.852,42.213,66.8267,245.86
2025-01-10,281.427,60.225,41.4767,66.4814,248.21
2025-01-13,281.8875,59.9116,41.1763,66.4161,245.74
2025-01-14,282.5242,60.187,41.6704,66.4628,247.03
2025-01-15,287.7061,60.966,42.1064,66.9947,248.88
2025-01-16,287.4905,61.4884,42.087,67.1253,250.6
2025-01-17,290.1451,61.8114,42.4358,67.144,249.27
2025-01-21,293.0251,63.2363,42.833,67.34,253.13
2025-01-22,294.4552,63.0938,42.7943,67.2,254.43
2025-01-23,296.0029,63.7208,42.959,67.0974,254.07
2025-01-24,295.1409,63.8442,43.1915,67.228,255.65
2025-01-27,291.0267,64.1957,42.4939,67.5826,252.99
2025-01-28,293.5246,63.9297,42.7362,67.5453,255.18
2025-01-29,292.2708,63.9962,42.7652,67.508,254.2
2025-01-30,294.1026,64.6137,43.424,67.6013,258.05
2025-01-31,292.4961,64.1197,43.0171,67.508,258.56
2025-02-03,290.3607,63.1793,42.7652,67.5688,259.94
2025-02-04,292.4667,63.9772,43.4531,67.6624,262.5
2025-02-05,293.8185,64.6327,43.2593,68.0088,264.13
2025-02-06,294.5434,64.9936,43.4628,67.9339,263.43
2025-02-07,291.9084,64.3572,43.4822,67.728,263.9
2025-02-10,293.7794,64.8322,43.9182,67.7467,268.37
2025-02-11,293.6226,65.3736,43.7341,67.6344,267.39
2025-02-12,292.6528,65.8391,43.9472,67.288,267.67
2025-02-13,295.7091,66.561,44.1798,67.6905,270.31
2025-02-14,295.6699,66.6845,44.451,67.9059,266.29
2025-02-18,296.5025,67.15,44.6642,67.6531,270.7
2025-02-19,296.9237,66.295,44.5382,67.7467,270.85
2025-02-20,295.327,66.7035,45.013,67.831,270.99
2025-02-21,289.8709,66.428,44.9548,68.1306,270.74
2025-02-24,288.3917,66.428,44.2669,68.2242,272.21
2025-02-25,286.9616,67.1785,44.2476,68.6549,268.62
2025-02-26,287.0595,67.2545,44.6739,68.7579,269.03
2025-02-27,282.6123,66.3235,43.8891,68.6736,264.93
2025-02-28,286.9714,66.6845,43.3369,68.9638,263.27
2025-03-03,281.8287,67.5774,42.9202,69.1225,266.74
2025-03-04,278.312,67.6819,43.2884,68.9253,269.06
2025-03-05,281.4761,69.4298,44.577,68.6812,269.62
2025-03-06,276.2452,68.6698,44.3445,68.6248,268.25
2025-03-07,277.548,69.6673,44.5285,68.5497,268.39
2025-03-10,269.9858,67.9289,43.5306,68.869,266.04
2025-03-11,268.0953,67.7769,43.8407,68.606,269.16
2025-03-12,269.4177,67.9954,43.9957,68.4652,270.33
2025-03-13,265.6366,67.4349,43.86,68.6718,275.13
2025-03-14,271.3279,68.8313,44.6448,68.5027,275.24
2025-03-17,273.571,69.5438,45.2552,68.5967,276.73
2025-03-18,270.6226,69.8193,45.1389,68.6718,279.96
2025-03-19,273.6984,69.7907,45.2067,68.8784,281.11
2025-03-20,273.0421,69.0688,44.7998,68.9066,280.75
2025-03-21,273.1499,68.4622,44.5932,68.8502,278.49
2025-03-24,278.2043,68.4145,44.729,68.5497,277.25
2025-03-25,278.6745,68.8247,44.6805,68.6342,278.47
2025-03-26,275.4126,67.8518,44.409,68.484,278.24
2025-03-27,274.2477,67.9949,44.6999,68.4558,281.97
2025-03-28,268.7823,67.6992,43.9435,68.8502,284.06
2025-03-31,270.1683,66.9648,43.895,68.9723,288.14
2025-04-01,271.0825,67.1365,44.0404,69.189,287.57
2025-04-02,273.2254,67.3558,44.0792,69.1325,288.16
2025-04-03,259.4732,66.3925,43.284,69.4904,286.42
2025-04-04,244.2465,62.0147,40.8594,69.547,279.72
2025-04-07,243.4503,60.088,39.2106,68.7085,273.71
2025-04-08,239.6068,59.8305,38.6869,68.3128,275.2
2025-04-09,263.9164,64.2847,41.2085,68.4729,285.38
2025-04-10,253.0542,63.4358,40.6751,67.9265,292.35
2025-04-11,257.291,65.1335,41.8001,67.8512,297.93
2025-04-14,259.66,65.62,42.188,68.2374,296.23
2025-04-15,259.2078,66.2781,42.1977,68.407,297.78
2025-04-16,253.821,66.011,41.6643,68.5954,307.47
2025-04-17,254.3518,66.6977,41.9941,68.4447,306.12
2025-04-21,248.3063,66.2494,42.0426,68.0678,315.59
2025-04-22,254.627,67.6133,42.7021,68.1903,311.11
2025-04-23,258.962,67.8422,43.1191,68.3316,303.65
2025-04-24,264.4177,68.7293,43.6622,68.7179,308.07
2025-04-25,266.0397,69.0154,43.5167,68.944,304.73
2025-04-28,266.423,69.4637,43.6331,69.1136,309.07
2025-04-29,268.0253,69.6067,43.7883,69.2926,306.06
2025-04-30,268.1826,69.54,43.8853,69.2455,303.77
2025-05-01,269.8537,69.292,43.8659,69.0527,297.46
2025-05-02,274.0609,70.7513,45.0394,68.7124,297.98
2025-05-05,272.5078,70.8466,45.3982,68.6179,306.88
2025-05-06,270.2961,70.6654,45.1752,68.7691,315.48
2025-05-07,271.4167,70.4556,44.6126,68.9015,310.75
2025-05-08,273.5498,70.1981,44.5351,68.5329,304.63
2025-05-09,273.2451,70.6654,44.8551,68.5896,306.84
2025-05-12,282.387,70.818,45.8637,68.3533,298.19
2025-05-13,284.3038,71.1042,45.9413,68.3249,299.46
2025-05-14,284.4907,70.942,46.3196,68.0886,293.16
2025-05-15,285.6506,71.6478,46.242,68.4572,297.84
2025-05-16,287.6067,71.8195,46.2905,68.5045,294.24
2025-05-19,287.8329,72.7447,46.4844,68.4856,298.03
2025-05-20,286.8892,73.2216,46.3875,68.3627,303.58
2025-05-21,281.8955,72.8401,46.2711,67.9374,305.82
2025-05-22,281.8463,72.7447,46.1644,68.1264,303.11
2025-05-23,280.1949,72.6302,46.3584,68.2304,309.75
2025-05-27,285.9553,73.4982,46.1935,68.5518,304.5
2025-05-28,284.2744,72.7828,45.9122,68.4005,303.81
2025-05-29,285.1885,73.1548,46.1159,68.6463,305.61
2025-05-30,284.9527,73.212,45.5825,68.7786,303.6
2025-06-02,286.4074,73.9274,45.9025,68.6269,311.67
2025-06-03,288.3833,73.2979,46.0092,68.551,308.91
2025-06-04,288.3539,73.7843,46.465,68.9777,310.9
2025-06-05,286.7614,73.8606,46.5814,68.845,309.33
2025-06-06,290.1035,74.0609,46.7851,68.4751,305.18
2025-06-09,290.3395,74.0609,47.1245,68.5794,306.62
2025-06-10,291.8729,74.1944,47.4737,68.7122,306.71
2025-06-11,291.0964,74.1086,47.6288,68.9303,308.37
2025-06-12,292.0302,74.7953,47.6385,69.1863,312.2
2025-06-13,288.5799,73.6603,46.9209,68.9398,316.29
2025-06-16,291.4306,73.9274,47.3573,68.807,311.78
2025-06-17,289.0026,72.8591,46.8239,69.0251,311.94
2025-06-18,289.1107,72.8114,46.6978,69.0631,310.26
2025-06-20,288.4423,72.373,46.2591,69.1105,310.13
2025-06-23,291.2144,73.0021,46.6385,69.2812,311.08
2025-06-24,294.6155,73.9699,47.65,69.4898,306.19
2025-06-25,294.2715,73.515,47.7667,69.5088,307.12
2025-06-26,296.8076,74.1441,48.0877,69.7079,306.78
2025-06-27,298.1544,74.8313,48.0391,69.5467,301.22
2025-06-30,299.6658,75.0055,48.1072,69.8217,304.83
2025-07-01,299.6658,75.0635,48.3017,69.7694,307.55
2025-07-02,301.2236,75.2861,48.4379,69.6933,309.25
2025-07-03,303.7083,75.2474,48.6518,69.522,307.14
2025-07-07,301.3124,74.7151,48.078,69.2937,307.37
2025-07-08,301.2927,75.4313,48.2628,69.2557,304.16
2025-07-09,303.1857,76.1572,48.2531,69.5315,305.52
2025-07-10,303.9942,76.1475,48.3017,69.541,306.2
2025-07-11,302.7125,75.2861,48.2336,69.2557,309.14
2025-07-14,303.4026,75.2474,48.292,69.2462,308.01
2025-07-15,301.8054,74.3764,48.6421,69.0369,306.73
2025-07-16,302.9491,74.7055,48.8658,69.17,308.26
2025-07-17,304.9211,74.7732,49.1674,69.1891,307.59
2025-07-18,304.7534,74.6861,49.109,69.3032,308.39
2025-07-21,305.0985,75.0345,49.3619,69.503,313.13
2025-07-22,305.4534,75.4797,49.3716,69.6172,316.1
2025-07-23,308.0269,77.0088,49.8288,69.4745,312.18
2025-07-24,307.9184,76.1668,49.5856,69.3888,310.27
2025-07-25,309.2889,76.3314,49.4494,69.5601,307.4
2025-07-28,309.2002,74.9571,49.0604,69.4459,305.41
2025-07-29,308.2241,74.8506,49.0895,69.8074,306.25
2025-07-30,307.8691,74.0377,48.6908,69.6267,300.96
2025-07-31,306.5282,73.215,48.4379,69.6362,302.96
2025-08-01,301.4504,72.8376,48.185,70.2394,309.11
2025-08-04,306.1732,73.6796,48.6324,70.2871,310.91
2025-08-05,304.8225,73.757,48.788,70.3158,311.16
2025-08-06,306.8831,74.1054,49.002,70.2585,310.5
2025-08-07,306.7057,74.8893,49.3619,70.2299,313.12
2025-08-08,308.6381,75.1313,49.3035,70.0771,313.05
2025-08-11,307.9282,74.7442,49.2452,70.1249,308.55
2025-08-12,311.6947,75.5087,49.8093,70.1344,308.27
2025-08-13,313.2032,76.0604,50.3734,70.3921,309.21
2025-08-14,312.7398,76.2056,49.8093,70.1917,307.25
2025-08-15,312.0299,76.4088,49.9552,70.0963,307.43
2025-08-18,312.1482,76.2636,50.3345,70.0199,306.95
2025-08-19,310.2552,76.4281,49.9747,70.1535,305.27
2025-08-20,309.4368,76.8443,49.9552,70.2012,308.36
2025-08-21,308.3719,76.3798,49.8677,70.0294,307.29
2025-08-22,313.7159,77.6089,50.743,70.3826,310.58
2025-08-25,312.2073,76.4572,50.5291,70.2871,309.83
2025-08-26,313.6271,76.341,50.4221,70.3731,312.08
2025-08-27,314.4652,76.1281,50.0816,70.4398,312.71
2025-08-28,315.609,76.312,50.2664,70.5257,315.03
2025-08-29,313.7356,75.9733,50.1205,70.4398,318.07
2025-09-02,311.5566,74.9184,50.0525,70.2895,325.59
2025-09-03,312.8778,75.2281,50.1886,70.5193,328.14
2025-09-04,315.6484,75.6733,49.9747,70.7875,326.69
2025-09-05,315.0667,76.041,50.5485,71.1226,331.05
2025-09-08,316.0724,76.583,51.0446,71.3525,334.82
2025-09-09,316.4766,76.4475,51.2391,71.2184,334.06
2025-09-10,317.2851,76.2443,51.4725,71.3429,335.26
2025-09-11,320.2233,77.0669,52.1145,71.4961,334.76
2025-09-12,319.7599,76.8056,52.0172,71.4099,335.42
2025-09-15,321.3177,77.3766,52.3674,71.544,338.91
2025-09-16,320.8839,77.1347,52.6981,71.5536,339.59
2025-09-17,320.598,76.8346,53.0288,71.4291,336.97
2025-09-18,322.6192,77.1443,52.7856,71.2471,335.62
2025-09-19,323.8319,76.7843,52.7172,71.2759,339.18
2025-09-22,325.232,77.1046,52.8638,71.1418,345.05
2025-09-23,323.4868,77.056,52.854,71.2854,346.46
2025-09-24,322.3037,76.5514,52.7563,71.1418,343.32
2025-09-25,320.5782,75.8237,52.4532,71.0652,344.75
2025-09-26,322.5896,76.6194,52.3554,71.0652,346.74
2025-09-29,323.4073,76.862,52.7367,71.2471,352.46
2025-09-30,324.4652,77.4345,52.9714,71.2184,355.47
2025-10-01,325.5923,78.3272,53.3038,71.398,356.03
2025-10-02,326.0669,78.5116,53.4504,71.4749,354.79
2025-10-03,326.2449,78.9385,53.5678,71.3884,357.64
2025-10-06,327.4709,78.6959,53.7535,71.2251,364.38
2025-10-07,325.8988,78.104,53.4602,71.3596,366.26
2025-10-08,328.0641,78.5601,53.7633,71.3596,372.3
2025-10-09,326.9271,77.7256,53.294,71.3116,365.43
2025-10-10,318.1671,76.8328,51.3679,71.5902,369.12
2025-10-13,323.2392,77.3665,52.7954,71.7055,378.09
2025-10-14,323.1403,77.6674,52.3261,71.8111,380.79
2025-10-15,324.6729,77.842,53.118,71.7631,387.39
2025-10-16,322.0923,78.3854,53.294,72.0321,396.45
2025-10-17,323.605,78.4048,53.1669,71.936,388.99
2025-10-20,327.2139,78.7445,53.8024,72.0321,403.15
2025-10-21,327.1743,78.2787,53.3233,72.1186,377.24
2025-10-22,325.187,78.3078,53.294,72.1186,377.28
2025-10-23,327.2732,78.7639,53.6949,71.9745,378.79
2025-10-24,329.9427,78.8803,53.9491,72.0705,377.52
2025-10-27,333.6207,79.2685,54.3988,72.109,367.01
2025-10-28,334.1348,79.0647,54.3695,72.1474,364.38
2025-10-29,333.8975,78.6377,54.5259,71.7919,363.0
2025-10-30,330.3084,78.269,53.9588,71.667,370.13
2025-10-31,331.6334,77.9196,53.7437,71.6478,368.12
2025-11-03,332.0091,77.7935,53.8611,71.5649,368.78
2025-11-04,327.9949,76.959,53.1082,71.6035,362.32
2025-11-05,329.3989,77.5994,53.5775,71.4011,366.51
2025-11-06,325.6516,77.2307,53.3722,71.6806,366.07
2025-11-07,326.3635,77.6091,53.3233,71.642,368.31
2025-11-10,331.139,78.531,54.037,71.6228,378.38
2025-11-11,331.9497,79.3655,54.0957,71.8252,379.87
2025-11-12,332.0684,79.8313,54.0859,71.7962,385.99
2025-11-13,326.1855,79.2587,53.6069,71.5842,382.87
2025-11-14,326.1361,78.6571,53.6264,71.4782,375.96
2025-11-17,322.7448,77.6965,53.0105,71.5167,371.65
2025-11-18,320.5598,76.9396,52.8345,71.5746,374.35
2025-11-19,321.6078,76.6388,52.7172,71.5457,374.96
2025-11-20,316.4863,75.5908,52.0914,71.6517,374.85
2025-11-21,320.1445,76.7455,51.8861,71.8252,374.27
2025-11-24,324.9299,76.5514,52.4141,71.9505,380.2
2025-11-25,328.4102,77.8614,52.6487,72.1143,380.08
2025-11-26,330.6645,78.5989,52.9029,72.1914,383.12
2025-11-28,332.5133,79.1132,53.0887,72.0758,387.88
2025-12-01,330.882,78.7153,53.0398,71.7944,389.75
2025-12-02,331.2774,79.0744,52.9225,71.8621,387.24
2025-12-03,332.7605,79.6081,52.854,71.9684,386.88
2025-12-04,333.2845,79.5596,52.9714,71.8331,387.13
2025-12-05,333.7492,79.5887,53.1865,71.746,386.44
2025-12-08,332.7704,79.4043,52.9909,71.6397,385.42
2025-12-09,332.4342,79.1908,52.9029,71.5913,387.4
2025-12-10,334.906,80.1612,53.3429,71.8041,389.05
2025-12-11,336.0331,80.7628,53.2256,71.8041,393.24
2025-12-12,332.1969,80.2388,52.7367,71.5817,395.44
2025-12-15,331.5444,80.7628,52.5803,71.6687,395.8
2025-12-16,330.5853,80.5881,52.287,71.8041,395.89
2025-12-17,326.9765,80.1515,51.9448,71.7847,399.29
2025-12-18,329.4878,80.724,52.3848,71.9371,398.57
2025-12-19,332.4243,81.0952,52.946,71.8303,399.02
2025-12-22,334.7356,81.5262,53.285,71.8109,408.23
2025-12-23,335.846,81.8984,53.5342,71.8012,413.64
2025-12-24,336.9962,82.016,53.5143,71.9759,411.93
2025-12-26,336.788,82.2511,53.8532,71.9759,416.74
2025-12-29,335.5189,81.9572,53.4445,72.0826,398.6
2025-12-30,334.9834,82.2315,53.6439,72.0534,398.89
2025-12-31,332.4253,81.8984,53.594,71.8594,396.31
2026-01-02,333.4565,82.829,54.7604,71.8303,398.28
2026-01-05,335.965,83.4853,55.1193,71.9661,408.76
2026-01-06,338.3149,83.691,55.4184,71.9661,413.18
2026-01-07,337.1647,83.4461,55.0794,72.0438,409.23
2026-01-08,337.254,83.4363,55.1392,71.9176,411.49
2026-01-09,339.4948,84.0142,55.2589,72.0729,414.47
2026-01-12,340.1194,84.4746,56.1162,72.005,422.23
2026-01-13,339.4353,84.0338,55.7872,72.0632,421.63
2026-01-14,338.1067,84.3571,55.9068,72.2087,425.94
2026-01-15,339.1478,84.1514,56.166,72.102,423.33
2026-01-16,338.9495,84.406,55.8271,71.9855,421.29
2026-01-20,332.2667,83.2208,55.3685,71.7236,437.23
2026-01-21,336.2029,84.0534,55.9367,71.9273,443.6
2026-01-22,337.9778,84.553,56.3754,71.9564,451.79
2026-01-23,337.6704,85.1505,56.5947,72.0341,458.0
2026-01-26,339.1279,85.7186,56.7542,72.1214,464.7
2026-01-27,340.3575,87.0899,57.462,72.0632,476.1
2026-01-28,340.169,86.0516,57.6813,72.0341,494.56
2026-01-29,339.3858,86.512,57.462,72.0438,495.9
2026-01-30,337.6803,85.7088,56.2956,72.0146,444.95
2026-02-02,339.5741,86.3945,56.6047,71.9417,427.13
2026-02-03,336.9665,86.0712,56.5748,71.9611,454.29
2026-02-04,335.38,86.1888,56.2358,71.9319,453.97
2026-02-05,331.0669,84.9938,55.867,72.2434,441.88
2026-02-06,338.067,86.6785,57.0832,72.2531,455.46
2026-02-09,339.7328,87.6385,57.5717,72.2726,467.03
2026-02-10,338.8999,87.3936,57.8309,72.4867,462.4
2026-02-11,338.5727,87.6189,58.3293,72.3407,467.63
2026-02-12,333.159,86.9332,57.5817,72.6717,451.39
2026-02-13,333.7936,86.8842,57.5717,72.8858,462.62
2026-02-17,334.21,87.4034,57.6116,72.8761,448.2
2026-02-18,335.9551,87.6972,57.7711,72.7982,458.28
2026-02-19,335.3205,87.3152,57.4122,72.8274,459.56
2026-02-20,337.3829,88.1674,58.3493,72.8177,468.62
2026-02-23,333.6052,87.6581,57.8807,72.9734,481.28
2026-02-24,336.3319,87.8932,58.4988,72.9345,474.61
2026-02-25,338.9297,88.6376,58.8278,72.915,473.42
2026-02-26,337.601,88.5788,58.0901,73.0221,477.48
2026-02-27,335.8956,88.3242,57.9206,73.1681,483.75
2026-03-02,336.2426,86.4631,57.0633,72.8732,490.0
2026-03-03,332.8814,83.8575,55.0595,72.7951,468.14
2026-03-04,335.3205,84.8174,55.4084,72.7463,471.8
2026-03-05,333.1491,83.1131,54.6806,72.5803,466.13
2026-03-06,328.5981,82.5253,54.3018,72.4827,473.51
2026-03-09,331.4437,82.9073,54.9598,72.6877,472.53
2026-03-10,330.6803,82.9367,55.3386,72.4632,477.86
2026-03-11,330.4125,82.7996,55.3884,72.141,476.24
2026-03-12,325.1377,81.5948,54.1423,71.8774,466.88
2026-03-13,323.3629,80.4781,53.8532,71.809,460.84
2026-03-16,326.6646,81.8201,54.8501,72.0824,460.43
2026-03-17,327.7652,82.1825,55.0894,72.2289,459.27
2026-03-18,323.2538,80.5761,54.0426,71.936,444.74
2026-03-19,322.6787,80.3508,53.8432,72.0141,426.41
2026-03-20,317.622,77.922,52.3977,71.438,413.38
2026-03-23,321.4393,79.7524,53.6339,71.7114,404.04
2026-03-24,320.4379,79.2998,53.1454,71.5259,404.13
2026-03-25,322.3912,80.461,54.1722,71.7993,416.29
2026-03-26,316.8387,78.8864,52.6868,71.3795,400.64
2026-03-27,311.4061,78.1877,52.3279,71.3795,414.7
2026-03-30,310.0037,78.601,52.2581,71.7407,414.58
2026-03-31,319.0846,81.1204,53.8831,71.8969,430.29
2026-04-01,321.5015,82.2915,54.0426,71.9263,437.82
2026-04-02,322.0187,81.8978,53.6538,72.0831,429.41
2026-04-06,323.4609,82.4489,53.8432,71.9753,427.65
2026-04-07,323.6797,82.2029,53.923,72.0831,431.81
2026-04-08,331.9052,85.3619,56.3255,72.2202,434.53
2026-04-09,333.6458,85.3816,56.2657,72.2496,437.91
2026-04-10,333.248,85.6768,56.5748,72.1418,437.13
2026-04-13,336.8485,86.2476,57.0034,72.2986,435.36
2026-04-14,340.8071,86.966,57.801,72.4749,445.09
2026-04-15,343.3831,86.6314,57.9106,72.3769,440.46
2026-04-16,344.1689,86.3165,58.0303,72.2692,440.08
2026-04-17,348.6447,87.6549,58.9973,72.5533,445.93
2026-04-20,348.3264,87.4285,58.7281,72.5043,442.09
2026-04-21,345.9692,85.5193,58.0203,72.279,429.57
2026-04-22,349.331,85.7555,58.5786,72.3574,435.26
2026-04-23,347.9186,85.0962,57.7412,72.23,431.04
2026-04-24,350.1565,85.667,58.8378,72.3574,433.25
2026-04-27,350.6339,85.1749,58.5487,72.2398,429.89
2026-04-28,348.7442,84.7911,58.1399,72.2202,421.91
2026-04-29,348.3264,83.7873,57.9007,71.8969,417.41
2026-04-30,352.2751,85.7555,58.748,72.0047,423.66
2026-05-01,353.3791,85.7654,58.8079,72.1049,423.18
2026-05-04,352.0762,84.1514,58.5487,71.8592,414.71
2026-05-05,355.0699,85.4898,59.1767,71.987,418.27
2026-05-06,359.9137,87.8123,60.5624,72.2917,430.96
2026-05-07,358.2627,85.8933,60.0241,72.1049,431.68
2026-05-08,360.9183,86.72,60.3531,72.2917,433.77
2026-05-11,361.6743,86.4247,60.2035,72.1148,434.65
2026-05-12,360.8388,85.726,59.2066,71.8985,432.93
2026-05-13,362.7484,86.2082,59.7549,71.928,430.5
2026-05-14,365.424,86.0803,59.7749,71.9083,427.21
2026-05-15,360.789,84.427,58.2596,71.4955,417.29
2026-05-18,360.411,85.726,58.2994,71.4464,418.43
2026-05-19,358.1234,85.0371,57.6913,71.2105,411.5
2026-05-20,362.2312,86.8381,58.4888,71.6037,417.4
2026-05-21,363.1264,87.3498,58.5188,71.6823,416.99
2026-05-22,364.8173,87.0546,58.7979,71.7511,413.82
2026-05-26,367.4729,88.0584,60.044,71.9575,414.0
2026-05-27,367.3734,87.9009,60.1038,72.0263,408.49
2026-05-28,369.661,87.6155,59.715,72.1639,412.77
2026-05-29,370.5363,87.5958,59.6951,72.2032,417.12
2026-06-01,371.3917,87.1136,60.2334,72.1707,411.26
2026-06-02,372.3465,87.5466,61.0011,72.1904,411.95
2026-06-03,369.6511,86.5034,60.1437,72.0523,407.87
2026-06-04,371.3718,87.4777,60.1238,72.1509,411.27
2026-06-05,361.4256,85.7457,57.8508,71.8255,396.24
2026-06-08,362.5097,86.1295,58.1499,71.8058,397.27
2026-06-09,361.7141,86.4838,58.2695,71.9636,390.78
2026-06-10,356.1143,85.3127,57.5418,71.9044,374.58
2026-06-11,362.3406,88.0387,58.9175,72.3186,386.32
2026-06-12,364.3895,88.1961,59.3661,72.2298,386.54
2026-06-15,370.5264,88.4422,60.6521,72.289,396.55
2026-06-16,368.378,88.5799,59.9742,72.3975,397.63
2026-06-17,363.7928,87.8123,59.6253,72.1312,388.6
2026-06-18,368.0,88.0507,60.6544,72.3285,387.12
2026-06-22,366.8264,88.0308,61.1235,72.1312,384.59
2026-06-23,361.7439,86.9435,59.247,72.2101,377.32
2026-06-24,361.6941,86.734,58.8578,72.5356,365.92
2026-06-25,362.0224,87.6118,58.6881,72.5849,369.46
2026-06-26,361.3082,86.9136,58.4685,72.6539,373.63
2026-06-29,366.1958,87.8512,59.0674,72.6934,368.58
2026-06-30,369.1085,88.3201,59.5764,72.3975,368.38
2026-07-01,368.3404,87.552,59.1073,72.2926,370.6
2026-07-02,367.8317,89.128,58.9277,72.3421,378.13
2026-07-06,370.7344,89.7465,59.9557,72.3718,382.13
2026-07-07,368.6796,88.8188,58.768,72.0848,377.49
2026-07-08,367.323,87.961,59.0574,71.9364,374.45
2026-07-09,370.515,88.1904,59.3768,72.065,378.18
2026-07-10,371.7518,88.35,59.776,72.0056,377.01
2026-07-13,368.8491,87.6417,58.6781,71.7385,367.13
2026-07-14,370.2257,88.0807,58.9676,71.9364,372.15
2026-07-15,371.4825,88.8986,59.3668,72.0551,372.35
2026-07-16,369.6471,88.5694,58.728,72.0452,364.96
2026-07-17,366.0861,88.3699,57.7299,72.0947,368.41
2026-07-20,365.328,87.4722,57.8198,71.9166,367.6
2026-07-21,368.52,88.5395,58.748,71.7583,374.81
2026-07-22,367.9414,88.8687,58.6981,71.6395,379.12
2026-07-23,363.7719,87.6118,57.9894,71.4911,371.52
2026-07-24,363.8817,88.1904,57.69,71.5505,371.9
2026-07-27,364.2607,88.6193,58.1192,71.6989,374.63
2026-07-28,365.0687,89.0083,57.6301,71.877,369.37
2026-07-29,359.5127,88.6393,56.8117,71.6198,371.08
2026-07-30,365.348,90.764,58.0793,71.6593,377.16
2026-07-31,367.2831,90.365,58.6382,71.4713,371.54
2026-08-03,372.8989,90.7041,58.9476,71.6421,371.71
2026-08-04,379.8614,91.6119,59.9357,71.9301,374.16
2026-08-05,378.6943,91.6218,59.8958,71.9499,389.64
2026-08-06,378.1158,91.6019,59.8459,71.7414,389.67
2026-08-07,380.8189,92.37,60.3549,71.8904,398.47
2026-08-10,380.6693,92.0308,60.2152,71.6421,402.54
2026-08-11,379.6918,92.0707,60.0056,71.7017,400.96
2026-08-12,380.8688,92.0208,60.295,71.7712,404.92
2026-08-13,383.3326,92.1505,60.2252,71.9698,398.96
2026-08-14,382.8837,92.1405,59.9956,71.801,401.48
2026-08-17,381.1681,91.8712,60.2751,71.652,405.49
2026-08-18,378.0858,91.3226,59.5265,71.7116,398.55
2026-08-19,379.0334,92.0009,59.9258,72.0492,413.84
2026-08-20,375.632,91.7814,59.9058,71.8308,415.26
2026-08-21,377.2878,92.4897,60.335,71.7216,423.36
2026-08-24,376.1208,92.38,59.8559,71.8606,426.69
2026-08-25,377.1981,92.9585,60.5246,72.1585,428.07
2026-08-26,377.2779,92.4697,60.5446,72.0691,421.32
2026-08-27,379.6718,92.0508,60.8939,72.0294,422.6
2026-08-28,378.405,91.7515,60.6743,71.801,408.89
2026-08-31,377.1981,91.4323,60.4048,71.7315,408.42
2026-09-01,374.2256,90.4946,60.5645,71.5352,396.75
2026-09-02,375.9313,90.734,60.6544,71.575,402.78
2026-09-03,379.9711,91.5121,60.8739,71.6747,410.22
2026-09-04,378.7741,91.5121,61.3231,71.6946,406.77
2026-09-08,376.6494,90.9635,61.1135,71.6348,399.72
2026-09-09,374.6146,89.9859,60.7542,71.4754,403.35
2026-09-10,372.3004,89.1979,59.8259,71.017,396.36
2026-09-11,375.3627,89.7964,60.2352,70.9672,398.77
2026-09-14,373.7368,89.0083,59.4966,70.9174,392.84
2026-09-15,371.9014,88.739,59.1073,70.8975,394.15
2026-09-16,370.3254,88.4098,59.0674,70.8576,391.74
2026-09-17,374.3951,89.148,59.796,71.2163,398.36
2026-09-18,374.4849,88.21,60.01,70.9473,401.17
2026-09-21,380.1407,89.24,61.14,71.1466,398.38
2026-09-22,380.3102,89.43,61.1,71.1565,400.07
2026-09-23,377.2779,88.01,60.12,70.5587,392.88
2026-09-24,377.1282,88.07,59.87,70.1999,391.69
2026-09-25,378.814,88.63,60.16,70.3793,393.41
2026-09-28,375.84,88.38,59.69,70.0305,377.91
2026-09-29,375.26,87.85,59.62,69.9807,382.89
2026-09-30,374.24,86.8,59.31,69.901,380.84
